"val","Overall"
"85.77340297148382","85.77340297148382"
