"split","Overall","AR","CP","FP-C","FP-S","LR","RR","action_recognition","attribute_comparison","attribute_recognition","celebrity_recognition","function_reasoning","future_prediction","identity_reasoning","image_emotion","image_quality","image_scene","image_style","image_topic","nature_relation","object_localization","ocr","physical_property_reasoning","physical_relation","social_relation","spatial_relationship","structuralized_imagetext_understanding"
"dev","0.3015463917525773","0.19095477386934673","0.36824324324324326","0.27972027972027974","0.43686006825938567","0.15254237288135594","0.1565217391304348","0.3888888888888889","0.13636363636363635","0.4864864864864865","0.48484848484848486","0.24050632911392406","0.075","0.17777777777777778","0.08","0.37735849056603776","0.4326923076923077","0.37735849056603776","0.5555555555555556","0.14583333333333334","0.2716049382716049","0.5641025641025641","0.14666666666666667","0.375","0.046511627906976744","0.28888888888888886","0.19230769230769232"
