"split","Overall","AR","CP","FP-C","FP-S","LR","RR","action_recognition","attribute_comparison","attribute_recognition","celebrity_recognition","function_reasoning","future_prediction","identity_reasoning","image_emotion","image_quality","image_scene","image_style","image_topic","nature_relation","object_localization","ocr","physical_property_reasoning","physical_relation","social_relation","spatial_relationship","structuralized_imagetext_understanding"
"dev","0.313573883161512","0.25125628140703515","0.40540540540540543","0.32167832167832167","0.3924914675767918","0.06779661016949153","0.22608695652173913","0.46296296296296297","0.22727272727272727","0.5540540540540541","0.2727272727272727","0.3291139240506329","0.0","0.3333333333333333","0.36","0.20754716981132076","0.5961538461538461","0.16981132075471697","0.5555555555555556","0.10416666666666667","0.32098765432098764","0.5384615384615384","0.12","0.3333333333333333","0.3023255813953488","0.24444444444444444","0.10256410256410256"
