"val","Overall"
"80.34239543060345","80.34239543060345"
